옵션 ID,옵션명,상품명,등록상품ID,카테고리,판매방식,매출(원),주문,판매량,방문자,조회,장바구니,구매전환율,아이템위너 비율(%),총 매출(원),총 판매수,총 취소 금액(원),총 취소된 상품수,즉시 취소된 상품수
91046022438,"정품 하이디라오 스파이시 훠궈 매운 찍먹 소스 땅콩양념소스, 3개, 120g",정품 하이디라오 스파이시 훠궈 매운 찍먹 소스 땅콩양념소스,15135685971,식품,판매자배송,0,0,0,0,0,0,0.00%,0,0,0,0,0,0
91476853637,"하이디라오 마라샹궈 소스 대용량 1Kg, 1개",하이디라오 마라샹궈 소스 대용량 1Kg,15258978060,식품,판매자배송,0,0,0,0,0,0,0.00%,0,0,0,0,0,0
91504150402,"하이디라오 마라샹궈 볶음요리 기본소스, 220g, 10개",하이디라오 마라샹궈 볶음요리 기본소스,15126365207,식품,판매자배송,0,0,0,0,0,0,0.00%,0,0,0,0,0,0
91881101478,"해천 해산물용 간장, 1.75L, 2개",해천 해산물용 간장,15371598851,식품,판매자배송,0,0,0,0,0,0,0.00%,0,0,0,0,0,0
92778147370,"[한정특가1+1] 미미각 마라훠궈 소스, 1개, 500g",[한정특가1+1] 미미각 마라훠궈 소스,15598731302,식품,판매자배송,13790,1,1,3,8,1,12.50%,85.7000000000000028421709430404007434844970703125,13790,1,0,0,0
92778147391,"[한정특가1+1] 미미각 마라훠궈 소스, 3개, 500g",[한정특가1+1] 미미각 마라훠궈 소스,15598731302,식품,판매자배송,0,0,0,2,2,0,0.00%,0,0,0,0,0,0
92932476389,"미미각 모모 자른 푸주 건푸주, 3개, 500g",미미각 모모 자른 푸주 건푸주,15630746657,식품,판매자배송,0,0,0,2,2,0,0.00%,0,0,0,0,0,0
92932476414,"미미각 모모 자른 푸주 건푸주, 5개, 500g",미미각 모모 자른 푸주 건푸주,15630746657,식품,판매자배송,21600,1,1,6,12,0,8.33%,100,21600,1,0,0,0
92974898203,"옛날 넓은 고구마 당면 중국식 훠궈 당면, 300g, 2개",옛날 넓은 고구마 당면 중국식 훠궈 당면,15639171490,식품,판매자배송,43200,4,4,142,176,18,2.27%,100,43200,4,0,0,0
92974898226,"옛날 넓은 고구마 당면 중국식 훠궈 당면, 3개, 300g",옛날 넓은 고구마 당면 중국식 훠궈 당면,15639171490,식품,판매자배송,26040,2,2,13,15,3,13.33%,95.7000000000000028421709430404007434844970703125,26040,2,0,0,0
92976180413,"쏸라펀 중국 마라누들 컵라면, 6개",쏸라펀 중국 마라누들 컵라면,15639512076,식품,판매자배송,137400,10,10,225,277,20,3.61%,100,137400,10,0,0,0
92976180433,"쏸라펀 중국 마라누들 컵라면, 10개",쏸라펀 중국 마라누들 컵라면,15639512076,식품,판매자배송,22060,1,1,28,28,1,3.57%,100,22060,1,0,0,0
92976507062,"푸단테 자른 푸주 건유바 업소용 대용량, 3개, 1kg",푸단테 자른 푸주 건유바 업소용 대용량,15630746657,식품,판매자배송,28480,1,1,3,5,0,20.00%,100,28480,1,0,0,0
92976507074,"푸단테 자른 푸주 건유바 업소용 대용량, 6개, 1kg",푸단테 자른 푸주 건유바 업소용 대용량,15630746657,식품,판매자배송,95920,2,2,5,5,0,40.00%,100,143880,3,-47960,-1,-1
92976507089,"푸단테 자른 푸주 건유바 업소용 대용량, 1개, 1kg",푸단테 자른 푸주 건유바 업소용 대용량,15630746657,식품,판매자배송,0,0,0,8,10,1,0.00%,100,0,0,0,0,0
92976507103,"푸단테 자른 푸주 건유바 업소용 대용량, 500g, 6개",푸단테 자른 푸주 건유바 업소용 대용량,15630746657,식품,판매자배송,0,0,0,1,5,0,0.00%,100,0,0,0,0,0
92976507121,"푸단테 자른 푸주 건유바 업소용 대용량, 1kg, 5개",푸단테 자른 푸주 건유바 업소용 대용량,15630746657,식품,판매자배송,43240,1,1,3,3,1,33.33%,100,43240,1,0,0,0
93062538668,"미미각 해천 프리미엄 굴소스 중식 필수 양념 감칠맛 핵심소스, 3개, 620g",미미각 해천 프리미엄 굴소스 중식 필수 양념 감칠맛 핵심소스,15656856342,식품,판매자배송,0,0,0,1,4,0,0.00%,0,0,0,0,0,0
93062538679,"해천 시그니처 굴소스 튜브형, 2개, 620g",해천 시그니처 굴소스 튜브형,15656856342,식품,판매자배송,861900,102,102,359,506,104,20.16%,95.2999999999999971578290569595992565155029296875,887250,105,-25350,-3,-3
93062538693,"해천 시그니처 굴소스 튜브형, 1개, 620g",해천 시그니처 굴소스 튜브형,15656856342,식품,판매자배송,22360,4,4,5,6,3,66.67%,64.2999999999999971578290569595992565155029296875,22360,4,0,0,0
93108830711,"태태락 치킨파우더, 1kg, 2개",태태락 치킨파우더,15666316912,식품,판매자배송,0,0,0,11,16,1,0.00%,100,0,0,0,0,0
93504703975,"푸단테 유기농 죽순 뾰족 야생 삶은 죽순 홀 햇죽순, 3개, 1kg",푸단테 유기농 죽순 뾰족 야생 삶은 죽순 홀 햇죽순,15746122659,식품,판매자배송,0,0,0,1,1,0,0.00%,0,0,0,0,0,0
93504703976,"푸단테 유기농 죽순 뾰족 야생 삶은 죽순 홀 햇죽순, 5개, 1kg",푸단테 유기농 죽순 뾰족 야생 삶은 죽순 홀 햇죽순,15746122659,식품,판매자배송,0,0,0,14,15,1,0.00%,100,0,0,0,0,0
93688837372,"미미각 마라탕 소스, 500g, 4개",미미각 마라탕 소스,15784534072,식품,판매자배송,0,0,0,0,0,0,0.00%,0,0,0,0,0,0
93811221983,"미미각 마라샹궈 소스 마라맛 볶음소스, 2개, 500g",미미각 마라샹궈 소스 마라맛 볶음소스,15809579252,식품,판매자배송,0,0,0,2,4,0,0.00%,100,0,0,0,0,0
93811221985,"미미각 마라샹궈 소스 마라맛 볶음소스, 3개, 110g",미미각 마라샹궈 소스 마라맛 볶음소스,15809579252,식품,판매자배송,0,0,0,2,2,0,0.00%,0,0,0,0,0,0
93811221986,"미미각 마라샹궈 소스 마라맛 볶음소스, 110g, 5개",미미각 마라샹궈 소스 마라맛 볶음소스,15809579252,식품,판매자배송,0,0,0,13,511,2,0.00%,100,0,0,0,0,0
93811221988,"미미각 마라샹궈 소스 마라맛 볶음소스, 10개, 500g",미미각 마라샹궈 소스 마라맛 볶음소스,15809579252,식품,판매자배송,0,0,0,5,5,0,0.00%,100,0,0,0,0,0
93811896904,"[임박초특가 1+1] 마라 양념소스, 110g, 1개",[임박초특가 1+1] 마라 양념소스,15809771565,식품,판매자배송,0,0,0,5,5,0,0.00%,100,0,0,0,0,0
93811896907,"[임박초특가 1+1] 마라 양념소스, 110g, 5개",[임박초특가 1+1] 마라 양념소스,15809771565,식품,판매자배송,0,0,0,2,2,0,0.00%,100,0,0,0,0,0
93812139037,"[한정특가1+1] 미미각 마라훠궈 소스, 1개, 500g",[한정특가1+1] 미미각 마라훠궈 소스,15809842462,식품,판매자배송,0,0,0,2,2,0,0.00%,0,0,0,0,0,0
93812139039,"[임박초특가 1+1] 미미각 마라훠궈 소스, 1개, 110g",[임박초특가 1+1] 미미각 마라훠궈 소스,15809842462,식품,판매자배송,4860,1,1,3,5,2,20.00%,100,4860,1,0,0,0
93812139041,"[한정특가1+1] 미미각 마라훠궈 소스, 5개, 500g",[한정특가1+1] 미미각 마라훠궈 소스,15809842462,식품,판매자배송,0,0,0,2,2,0,0.00%,0,0,0,0,0,0
93916639211,"호인가 마라훠궈소스 마라양념소스, 240g, 2개",호인가 마라훠궈소스 마라양념소스,15831702720,식품,판매자배송,0,0,0,5,6,1,0.00%,100,0,0,0,0,0
93916639213,"호인가 마라훠궈소스 마라양념소스, 20개, 240g",호인가 마라훠궈소스 마라양념소스,15831702720,식품,판매자배송,0,0,0,1,1,0,0.00%,100,0,0,0,0,0
93917069188,"호인가 마라탕 소스, 10개, 240g",호인가 마라탕 소스,15831783151,식품,판매자배송,0,0,0,5,5,0,0.00%,100,0,0,0,0,0
93917069190,"호인가 마라탕 소스, 4개",호인가 마라탕 소스,15831783151,식품,판매자배송,0,0,0,6,6,0,0.00%,100,0,0,0,0,0
93925178004,"호인가 마라샹궈소스, 2개, 240g",호인가 마라샹궈소스,15833449246,식품,판매자배송,0,0,0,34,37,6,0.00%,100,0,0,0,0,0
94498932616,"미미각 마라샹궈 소스 마라맛 볶음소스, 1개, 500g",미미각 마라샹궈 소스 마라맛 볶음소스,15809579252,식품,로켓그로스,0,0,0,2,2,0,0.00%,0,0,0,0,0,0
94965261081,"나초칩스 454g, 2개",나초칩스 454g,16086244040,식품,판매자배송,42510,3,3,19,20,1,15.00%,13.699999999999999289457264239899814128875732421875,42510,3,0,0,0
94965261084,"나초칩스 454g, 6개",나초칩스 454g,16086244040,식품,판매자배송,39300,1,1,70,87,1,1.15%,39.39999999999999857891452847979962825775146484375,39300,1,0,0,0
94965261091,"나초칩스 454g, 3개",나초칩스 454g,16086244040,식품,판매자배송,40800,2,2,47,55,3,3.64%,98.599999999999994315658113919198513031005859375,40800,2,0,0,0
95025353787,"나초칩스 454g, 1개",나초칩스 454g,16086244040,식품,판매자배송,0,0,0,13,14,2,0.00%,85.7000000000000028421709430404007434844970703125,0,0,0,0,0
95141457019,"뉴진면 마라탕사리 국내생산 HACCP샤브면 떡당면 남사부, 400g, 1개",뉴진면 마라탕사리 국내생산 HACCP샤브면 떡당면 남사부,16130571326,식품,판매자배송,75140,12,13,125,165,33,7.27%,100,86700,15,-11560,-2,-2
95203617638,"나초칩스 454g, 1개",나초칩스 454g,16086244040,식품,로켓그로스,0,0,0,0,0,0,0.00%,0,0,0,0,0,0
95205595761,"뉴진면 마라탕사리 국내생산 HACCP샤브면 떡당면 남사부, 400g, 5개",뉴진면 마라탕사리 국내생산 HACCP샤브면 떡당면 남사부,16130571326,식품,판매자배송,35200,2,2,23,32,4,6.25%,100,35200,2,0,0,0
95205595762,"뉴진면 마라탕사리 국내생산 HACCP샤브면 떡당면 남사부, 400g, 2개",뉴진면 마라탕사리 국내생산 HACCP샤브면 떡당면 남사부,16130571326,식품,판매자배송,0,0,0,1,1,0,0.00%,100,0,0,0,0,0
95205628426,"호영 일자 분모자 500g, 3개",호영 일자 분모자 500g,16130571217,식품,판매자배송,0,0,0,0,0,0,0.00%,0,0,0,0,0,0
95275891292,"푸른식품 장어구이양념 매운맛, 50g, 50개",푸른식품 장어구이양념 매운맛,16164094644,식품,판매자배송,14890,1,1,19,25,1,4.00%,100,14890,1,0,0,0
95275891294,"푸른식품 장어구이 소스 매운 맛, 50g, 20개",푸른식품 장어구이 소스 매운 맛,16164094644,식품,판매자배송,0,0,0,17,21,3,0.00%,100,0,0,0,0,0
95275891295,"푸른식품 장어구이 소스 매운 맛, 50g, 10개",푸른식품 장어구이 소스 매운 맛,16164094644,식품,판매자배송,5480,1,1,11,11,1,9.09%,100,5480,1,0,0,0
95281086509,"푸른식품 장어구이 순한맛 소스, 50g, 20개",푸른식품 장어구이 순한맛 소스,16165280685,식품,판매자배송,0,0,0,6,6,0,0.00%,35.7000000000000028421709430404007434844970703125,0,0,0,0,0
95281086510,"푸른식품 장어구이 순한맛 소스, 50g, 50개",푸른식품 장어구이 순한맛 소스,16165280685,식품,판매자배송,90840,6,6,83,110,8,5.45%,100,105980,7,-15140,-1,-1
95337473857,"국내생산 에어컨 실외기 알루미늄 커버 1+1, 1070x450, 은색",국내생산 에어컨 실외기 알루미늄 커버 1+1,16179722124,가구/홈데코,판매자배송,0,0,0,1,1,0,0.00%,100,0,0,0,0,0
95467428190,"(배터짐) 중국요리 동구일품선간장 중국간장 일품선간장 (일요일&당일발송), 1개, 1.2L",(배터짐) 중국요리 동구일품선간장 중국간장 일품선간장 (일요일&당일발송),16214745295,식품,판매자배송,-8920,-1,-1,16,25,5,-4.00%,10.0999999999999996447286321199499070644378662109375,0,0,-8920,-1,-1
95467428191,"(배터짐) 중국요리 동구일품선간장 중국간장 일품선간장 (일요일&당일발송), 6개, 1.2L",(배터짐) 중국요리 동구일품선간장 중국간장 일품선간장 (일요일&당일발송),16214745295,식품,판매자배송,0,0,0,5,11,0,0.00%,100,0,0,0,0,0
95581210884,"미미각 실곤약 말이 저칼로리 다이어트 스키야키, 1개, 1kg",미미각 실곤약 말이 저칼로리 다이어트 스키야키,16249442883,식품,판매자배송,27000,2,2,23,25,5,8.00%,85,27000,2,0,0,0
95581735140,"야생 삶은 죽순 +호인가 마라샹궈 소스 세트, 1개, 1.24kg",야생 삶은 죽순 +호인가 마라샹궈 소스 세트,16249602183,식품,판매자배송,0,0,0,2,2,0,0.00%,100,0,0,0,0,0
95581776617,"옛날 넓은 고구마 당면 중국식 훠궈 당면+호인가 마라훠궈 소스 세트, 1개, 540g",옛날 넓은 고구마 당면 중국식 훠궈 당면+호인가 마라훠궈 소스 세트,16249615003,식품,판매자배송,0,0,0,2,2,0,0.00%,50,0,0,0,0,0
95581784956,"옛날 넓은 고구마 당면 중국식 훠궈 당면+호인가 마라훠궈 소스 세트, 1개, 540g",옛날 넓은 고구마 당면 중국식 훠궈 당면+호인가 마라훠궈 소스 세트,16249617257,식품,판매자배송,0,0,0,2,2,0,0.00%,0,0,0,0,0,0
95592953590,"게알맛 잠두콩 스낵, 208g, 10개",게알맛 잠두콩 스낵,16253218145,식품,판매자배송,0,0,0,0,0,0,0.00%,0,0,0,0,0,0
95613243929,"비타민c 12가지맛 캔디, 4개, 200g",비타민c 12가지맛 캔디,16260007578,식품,판매자배송,0,0,0,1,1,0,0.00%,0,0,0,0,0,0
95613243930,"비타민c 12가지맛 캔디, 200g, 5개",비타민c 12가지맛 캔디,16260007578,식품,판매자배송,0,0,0,1,1,0,0.00%,100,0,0,0,0,0
95613273857,"무설탕 12가지맛 미니 비타민c 캔디, 3개, 500g",무설탕 12가지맛 미니 비타민c 캔디,16260012713,식품,판매자배송,0,0,0,1,1,0,0.00%,100,0,0,0,0,0
95613305840,"무설탕 12가지맛 비타팝스 비타민c 캔디 1kg, 1개",무설탕 12가지맛 비타팝스 비타민c 캔디 1kg,16260019176,식품,판매자배송,72000,3,3,75,94,0,3.19%,100,72000,3,0,0,0
95681543370,"해조궁 어포튀각, 3개, 90g",해조궁 어포튀각,16279654245,식품,판매자배송,12500,1,1,3,3,0,33.33%,0,12500,1,0,0,0
95681543371,"해조궁 어포튀각, 6개, 90g",해조궁 어포튀각,16279654245,식품,판매자배송,22500,1,1,4,7,4,14.29%,100,22500,1,0,0,0
95688469143,"푸른식품 장어구이양념 매운맛, 100개, 50g",푸른식품 장어구이양념 매운맛,16164094644,식품,판매자배송,0,0,0,2,2,0,0.00%,100,0,0,0,0,0
95698729238,"[한정특가] 미미각 마라훠궈 소스, 1kg, 4개",[한정특가] 미미각 마라훠궈 소스,16284170490,식품,판매자배송,0,0,0,2,2,0,0.00%,100,0,0,0,0,0
95700185559,"해피타임 초코포키, 20개, 20g",해피타임 초코포키,16284473052,식품,판매자배송,0,0,0,12,13,0,0.00%,100,0,0,0,0,0
95700441285,"디디안 소다 크래커 오리지널, 1개, 450g",디디안 소다 크래커 오리지널,16284527659,식품,판매자배송,7500,1,1,2,5,1,20.00%,100,7500,1,0,0,0
95700441286,"디디안 소다 크래커 오리지널, 5개, 450g",디디안 소다 크래커 오리지널,16284527659,식품,판매자배송,0,0,0,3,3,0,0.00%,75,0,0,0,0,0
95700441287,"디디안 소다 크래커 오리지널, 3개, 450g",디디안 소다 크래커 오리지널,16284527659,식품,판매자배송,0,0,0,1,1,0,0.00%,100,0,0,0,0,0
95700442303,"디디안 소다 크래커 양파맛, 3개, 450g",디디안 소다 크래커 양파맛,16284527852,식품,판매자배송,0,0,0,1,1,0,0.00%,20,0,0,0,0,0
95700442304,"디디안 소다 크래커 양파맛, 5개, 450g",디디안 소다 크래커 양파맛,16284527852,식품,판매자배송,0,0,0,1,1,0,0.00%,100,0,0,0,0,0
95700442305,"디디안 소다 크래커 양파맛, 1개, 450g",디디안 소다 크래커 양파맛,16284527852,식품,판매자배송,0,0,0,1,1,0,0.00%,100,0,0,0,0,0
95700443658,"디디안 소다 크래커 커피맛, 450g, 1개",디디안 소다 크래커 커피맛,16284528067,식품,판매자배송,0,0,0,5,6,1,0.00%,100,0,0,0,0,0
95700443661,"디디안 소다 크래커 커피맛, 450g, 3개",디디안 소다 크래커 커피맛,16284528067,식품,판매자배송,0,0,0,1,1,0,0.00%,100,0,0,0,0,0
95700443663,"디디안 소다 크래커 커피맛, 450g, 5개",디디안 소다 크래커 커피맛,16284528067,식품,판매자배송,0,0,0,5,5,0,0.00%,100,0,0,0,0,0
